id,name,description,category,image_url,location,title,cover_image,genre,release_year,release_date,release_platforms,owned,platforms,platform_ownership,status,favorite,completion_percentage
minecraft,Minecraft,Build explore and survive in a world made of blocks,Building,https://picsum.photos/seed/minecraft/800/600,Local library,Minecraft,https://picsum.photos/seed/minecraft/800/600,Building,2011,2011-11-18,,true,PS5|Switch,PS5:Physical+Digital|Switch:Digital,Playing,true,60
stardew-valley,Stardew Valley,Restore a farm and build a new life in a welcoming valley,Simulation,https://picsum.photos/seed/stardew-valley/800/600,Local library,Stardew Valley,https://picsum.photos/seed/stardew-valley/800/600,Simulation,2016,2016-02-26,,true,PC,PC:Digital,Playing,false,45
breath-of-the-wild,The Legend of Zelda: Breath of the Wild,Explore a vast kingdom and recover the memories of a hero,Adventure,https://picsum.photos/seed/breath-of-the-wild/800/600,Local library,The Legend of Zelda: Breath of the Wild,https://picsum.photos/seed/breath-of-the-wild/800/600,Adventure,2017,2017-03-03,,true,Switch,Switch:Physical,Completed,true,100
mario-kart-8-deluxe,Mario Kart 8 Deluxe,Race familiar characters across colorful tracks,Racing,https://picsum.photos/seed/mario-kart-8-deluxe/800/600,Local library,Mario Kart 8 Deluxe,https://picsum.photos/seed/mario-kart-8-deluxe/800/600,Racing,2017,2017-04-28,,true,Switch,Switch:Physical,Not Started,false,
hades,Hades,Escape an underworld filled with fast combat and changing stories,Action,https://picsum.photos/seed/hades/800/600,Local library,Hades,https://picsum.photos/seed/hades/800/600,Action,2020,2020-09-17,,true,PC,PC:Digital,Completed,true,100
hollow-knight,Hollow Knight,Explore a ruined kingdom beneath a quiet town,Metroidvania,https://picsum.photos/seed/hollow-knight/800/600,Local library,Hollow Knight,https://picsum.photos/seed/hollow-knight/800/600,Metroidvania,2017,2017-02-24,,true,PC,PC:Digital,Playing,false,45
animal-crossing-new-horizons,Animal Crossing: New Horizons,Create a home and community on a peaceful island,Life simulation,https://picsum.photos/seed/animal-crossing-new-horizons/800/600,Local library,Animal Crossing: New Horizons,https://picsum.photos/seed/animal-crossing-new-horizons/800/600,Life simulation,2020,2020-03-20,,true,Switch,Switch:Digital,Not Started,false,
portal-2,Portal 2,Solve physics puzzles with portals and a witty computer guide,Puzzle,https://picsum.photos/seed/portal-2/800/600,Local library,Portal 2,https://picsum.photos/seed/portal-2/800/600,Puzzle,2011,2011-04-19,,true,PC,PC:Digital,Completed,false,100
celeste,Celeste,Climb a difficult mountain while facing personal challenges,Platformer,https://picsum.photos/seed/celeste/800/600,Local library,Celeste,https://picsum.photos/seed/celeste/800/600,Platformer,2018,2018-01-25,,true,PC,PC:Digital,No Longer Interested,false,
elden-ring,Elden Ring,Explore a vast fantasy world and shape a new legend,Role-playing,https://picsum.photos/seed/elden-ring/800/600,Local library,Elden Ring,https://picsum.photos/seed/elden-ring/800/600,Role-playing,2022,2022-02-25,,true,PS5,PS5:Physical,Want to Play,true,
the-witcher-3,The Witcher 3: Wild Hunt,Follow a monster hunter through a sprawling fantasy adventure,Role-playing,https://picsum.photos/seed/the-witcher-3/800/600,Local library,The Witcher 3: Wild Hunt,https://picsum.photos/seed/the-witcher-3/800/600,Role-playing,2015,2015-05-19,,true,Xbox One,Xbox One:Digital,Completed,false,100
grand-theft-auto-vi,Grand Theft Auto VI,Explore a fictional coastal region in the next crime adventure,Action,https://picsum.photos/seed/grand-theft-auto-vi/800/600,Local library,Grand Theft Auto VI,https://picsum.photos/seed/grand-theft-auto-vi/800/600,Action,2026,2026-11-19,PS5,false,,,Want to Play,true,
